{
    "dist_gap_std": 114.76651238199193,
    "dist_gap_mean": 6.084695505923547,
    "time_gap_std": 1263.6235231938872,
    "time_gap_mean": 1125.336355309841,
    "lngs_std": 0.08692172054034837,
    "lngs_mean": 35.87255701806893,
    "lats_std": 0.0481459701850145,
    "lats_mean": 31.973210296597117,
    "dist_std": 130.83020086111387,
    "dist_mean": 10.214582258486029,
    "time_mean": 1746.687861410148,
    "time_std": 847.3821627417459,
    "train_set": ["new_mapped_00", "new_mapped_01", "new_mapped_02"],
    "eval_set": ["new_mapped_03"],
    "test_set": ["new_mapped_03"]
}
