{
    "time_gap": [
        0.0,
        78.0,
        139.0,
        228.0,
        294.0,
        323.0,
        354.0,
        395.0,
        425.0,
        557.0,
        588.0,
        644.0,
        704.0,
        735.0,
        801.0,
        847.0,
        903.0,
        1025.0,
        1056.0,
        1123.0,
        1290.0,
        1321.0,
        1344.0,
        1364.0,
        1395.0,
        1426.0,
        1468.0,
        1512.0,
        1542.0,
        1604.0,
        1635.0,
        1666.0,
        1697.0,
        1728.0,
        1754.0,
        1785.0,
        1815.0,
        1836.0,
        1867.0,
        1898.0,
        1929.0,
        1959.0,
        1990.0,
        2021.0,
        2051.0,
        2082.0,
        2113.0,
        2144.0,
        2174.0
    ],
    "dist": 22.4200870245,
    "lats": [
        30.606921,
        30.608641,
        30.608713,
        30.611497,
        30.615741,
        30.619191,
        30.623304,
        30.625814,
        30.629626,
        30.633306,
        30.633459,
        30.634134,
        30.637451,
        30.640474,
        30.643287,
        30.644636,
        30.645289,
        30.643991,
        30.642801,
        30.642904,
        30.641464,
        30.639437,
        30.638419,
        30.637542,
        30.635497,
        30.633725,
        30.6336,
        30.633259,
        30.62974,
        30.627213,
        30.625099,
        30.621131,
        30.616628,
        30.612022,
        30.60882,
        30.608763,
        30.608671,
        30.606278,
        30.601622,
        30.596947,
        30.59232,
        30.587549,
        30.582716,
        30.578482,
        30.576818,
        30.575529,
        30.574156,
        30.572762,
        30.571596
    ],
    "driverID": 1171,
    "weekID": 2,
    "states": [
        0.0,
        0.0,
        0.0,
        0.0,
        0.0,
        0.0,
        0.0,
        0.0,
        0.0,
        0.0,
        0.0,
        0.0,
        0.0,
        0.0,
        0.0,
        0.0,
        0.0,
        0.0,
        0.0,
        0.0,
        0.0,
        0.0,
        0.0,
        0.0,
        0.0,
        0.0,
        0.0,
        0.0,
        0.0,
        0.0,
        0.0,
        0.0,
        0.0,
        0.0,
        0.0,
        0.0,
        0.0,
        0.0,
        0.0,
        0.0,
        0.0,
        0.0,
        0.0,
        0.0,
        0.0,
        0.0,
        0.0,
        0.0,
        0.0
    ],
    "timeID": 375,
    "dateID": 6,
    "time": 2174.0,
    "lngs": [
        104.077507,
        104.07264,
        104.069527,
        104.068028,
        104.067321,
        104.067262,
        104.06693,
        104.06684,
        104.066717,
        104.066548,
        104.063067,
        104.06092,
        104.060079,
        104.061457,
        104.061812,
        104.059182,
        104.062547,
        104.065915,
        104.068954,
        104.073733,
        104.078221,
        104.078639,
        104.082038,
        104.083836,
        104.079689,
        104.074907,
        104.071084,
        104.066518,
        104.06671,
        104.066773,
        104.066845,
        104.06693,
        104.066992,
        104.067265,
        104.066835,
        104.060873,
        104.054354,
        104.050438,
        104.044691,
        104.038942,
        104.033134,
        104.027219,
        104.021212,
        104.015504,
        104.008752,
        104.001286,
        103.993511,
        103.985604,
        103.97896
    ],
    "dist_gap": [
        0.0,
        0.5035207943,
        0.8015473468,
        1.1427375177,
        1.619474123,
        2.0031381637,
        2.4615849562,
        2.7408170498,
        3.1648554627,
        3.5743721486,
        3.9078585508,
        4.1265593282,
        4.5040674928,
        4.8651384317,
        5.179768151,
        5.4726928054,
        5.8026951831,
        6.1557480255,
        6.4751766456,
        6.9325164239,
        7.3907615953,
        7.6196738413,
        7.9640002365,
        8.1617384598,
        8.6190420595,
        9.1171890485,
        9.4832257331,
        9.9217298334,
        10.3134557656,
        10.5945099957,
        10.8296770036,
        11.2709734314,
        11.7717193339,
        12.2845490394,
        12.6429653672,
        13.2135726751,
        13.8375348404,
        14.2971625847,
        15.052519366,
        15.8094841498,
        16.566947672,
        17.3428385186,
        18.129890702,
        18.8511603949,
        19.5235053169,
        20.2524825026,
        21.0123178074,
        21.7850122181,
        22.4341722056
    ]
}